J. R. Ewing Private Reserve Bourbon,25.360113,NULL,NULL,34.99,1.3797257717225244
Crown Royal Hand Selected Barrel,25.360113,83.0,8.819999694824219,54.99,2.1683657863193924
Midleton Rare,25.360113,NULL,8.800000190734863,159.99,6.308726013374095
Caol Ila 30 Year Scotch,25.360113,93.33333333333333,9.329999923706055,799.99,31.545205878789286
Macallan 30yr Sherry Oak,25.360113,NULL,NULL,NULL,NULL
Gentleman Jack Whiskey,59.1736,63.27272727272727,7.909999847412109,64.99,1.0982938116828747
Bushmills Black Bush Irish Whiskey,25.360113,79.625,8.350000381469727,29.99,1.1825656928627348
Virgil Kaine Ginger Infused Bourbon,25.360113,NULL,NULL,34.99,1.3797257717225244
Bushmills 21 Year Single Malt Irish Whiskey,25.360113,85.75,8.930000305175781,129.99,5.125765991478793
Speyburn Single Malt,25.360113,NULL,NULL,29.99,1.1825656928627348
The Dalmore 12 YO,25.360113,77.54054054054055,8.430000305175781,69.99,2.759845646845898
White Horse,25.360113,60.0,NULL,19.99,0.7882456855643007
Maker's Mark Bourbon,6.7626967,79.97368421052632,8.229999542236328,9.99,1.4772213143287496
Michter's Single Barrel 10 Yr. Bourbon,25.360113,NULL,NULL,114.99,4.534285679688851
Jim Beam Maple Bourbon,25.360113,NULL,NULL,17.49,0.6896656837396923
Southern Comfort Whiskey,12.680057,25.0,NULL,8.99,0.7089873550720468
Johnnie Walker Red Scotch,33.813484,47.666666666666664,7.369999885559082,36.49,1.0791553296129672
Larceny Bourbon,59.1736,NULL,NULL,54.99,0.9292995927541019
George Dickel No. 8 Tennessee Whiskey,59.1736,70.75,NULL,40.99,0.6927075960011356
Red Stag Honey Tea,25.360113,NULL,NULL,16.9,0.6664007972922389
Canadian Club Whisky,25.360113,74.5,NULL,15.49,0.6108016822800055
Jameson Irish Whiskey,33.813484,70.28571428571429,7.820000171661377,34.99,1.0347943287918933
Wild Turkey Rare Breed,25.360113,174.3783783783784,17.479999542236328,44.99,1.7740457790209585
Woodford Reserve Bourbon,33.813484,NULL,8.399999618530273,45.99,1.3601083348131013
George Dickel No. 12 Tennessee Whiskey,12.680057,80.85714285714286,8.270000457763672,13.49,1.0638753616406373
Revel Stoke Pumpkin Spiced Flavored Whisky,25.360113,NULL,NULL,16.99,0.6699496833747706
Seagram's 7 Crown Dark Honey,33.813484,NULL,NULL,19.99,0.5911842641732256
2 Gingers Irish Whiskey,1.6906742,NULL,8.039999961853027,2.49,1.4727852536696355
J & B Rare Scotch,25.360113,NULL,NULL,19.99,0.7882456855643007
Bulleit Bourbon,59.1736,81.15384615384616,8.380000114440918,60.99,1.0306961627910876
E H Taylor Seasoned Wood Whiskey,25.360113,NULL,NULL,67.99,2.680981645386211
JP Wiser's Rye,1.6906742,NULL,NULL,0.99,0.5855652247365979
Lot 40,25.360113,83.76470588235294,8.920000076293945,44.99,1.7740457790209585
Jameson Irish Whiskey,59.1736,70.28571428571429,7.820000171661377,59.99,1.01379673445159
Ezra Brooks Bourbon,25.360113,NULL,NULL,12.99,0.512221680455397
Catoctin Creek Mosby's Spirit Rye Whiskey,25.360113,NULL,NULL,29.49,1.1628496924978131
Bowman's Bourbon,33.813484,NULL,NULL,10.99,0.3250182592467827
Elijah Craig 18-year Single Barrel Bourbon,25.360113,NULL,NULL,129.99,5.125765991478793
Old Forester Signature,25.360113,83.06666666666666,NULL,21.99,0.8671096870239876
Virginia Gentleman,25.360113,142.0,NULL,13.99,0.5516536811852404
Virginia Gentleman,59.1736,71.0,NULL,27.99,0.4730149953545654
Jim Beam Honey Bourbon,25.360113,10.0,NULL,17.49,0.6896656837396923
Canadian Hunter Traveler,25.360113,NULL,NULL,8.99,0.3544936775360234
West Cork Barrel Proof Irish Whiskey,25.360113,NULL,NULL,55.99,2.207797787049236
Buchanan's Deluxe 12 Year Scotch,25.360113,NULL,NULL,41.99,1.6557497768314282
Bird Dog 100ml Variety Pack #2,3.3813484,NULL,NULL,13.99,4.137402667234882
Jim Beam Traveler,25.360113,NULL,NULL,17.49,0.6896656837396923
Haller's Reserve Whiskey,59.1736,NULL,NULL,14.99,0.2533224269410967
Coldcock American Herbal Whiskey,25.360113,NULL,NULL,22.99,0.9065416877538309
Evan Williams Cherry Whiskey,25.360113,NULL,NULL,14.49,0.5713696815501621
Virginia Gentleman,12.680057,71.0,NULL,6.49,0.5118273514228299
Glenlivet 12 Year Single Malt Scotch,59.1736,76.70192307692308,8.050000190734863,99.99,1.6897738035652905
Elmer T Lee Bourbon,25.360113,93.0,NULL,35.99,1.4191577724523678
Yellowstone 7yr Limited Edition 2016,25.360113,NULL,NULL,99.99,3.9428056687412
Caol Ila Distillers Edition Scotch,25.360113,NULL,NULL,77.99,3.075301652684645
The Glenlivet W/50ml's 15yr & Founders Reserve,25.360113,NULL,NULL,48.99,1.931773781940332
Henry Mckenna Bourbon,25.360113,NULL,NULL,11.99,0.47278967972555364
Chivas Regal 12 Year Scotch,25.360113,69.52083333333333,7.760000228881836,37.99,1.4980217739120547
Glenkinchie 24 YR,25.360113,NULL,NULL,499.99,19.715605659836267
Johnnie Walker Platinum,25.360113,78.25,8.489999771118164,108.99,4.29769367530979
Bulleit Bourbon,25.360113,81.15384615384616,8.380000114440918,32.99,1.3008617702628376
Senator's Club Whiskey,25.360113,NULL,NULL,7.89,0.3111184804937243
Glenmorangie The Original 18 Yr,25.360113,NULL,NULL,115.99,4.573717680418694
Haig & Haig Pinch,25.360113,NULL,NULL,42.99,1.6951817775612716
Abraham Bowman Gingerbread Cocoa Finish Bourbon,12.680057,NULL,NULL,39.99,3.1537715507434827
Evan Williams Black Bourbon,12.680057,79.0,8.180000305175781,6.99,0.5512593521526733
Evan Williams White Bourbon,25.360113,NULL,NULL,15.99,0.6305176826449272
Stranahan Colorado Whiskey,25.360113,82.5,8.5600004196167,59.99,2.3655257899686095
Alberta Dark Batch Rye Whiskey,25.360113,NULL,8.600000381469727,29.99,1.1825656928627348
Imperial Whiskey,59.1736,NULL,NULL,11.99,0.20262414192260395
Glenmorangie The Original 10 Yr,59.1736,74.0,NULL,81.99,1.3855840934543338
Evan Williams Green Bourbon,33.813484,79.0,NULL,12.49,0.3693792600678565
Bird Dog Jalapeno Honey Whiskey,25.360113,NULL,NULL,18.99,0.7488136848344574
Buchanan's Deluxe 12 Year Scotch,59.1736,NULL,NULL,85.99,1.4531818068123241
Olde Bourbon,59.1736,NULL,NULL,19.3,0.3261589540590629
Benrinnes 21 Year Scotch,25.360113,NULL,NULL,459.99,18.138325630642534
Bird Dog Jalapeno Honey Flavored Whiskey,1.6906742,NULL,NULL,1.19,0.7038612567983014
Canadian Limited Whisky,59.1736,NULL,NULL,15.99,0.2702218552805943
Inver House Scotch,33.813484,NULL,NULL,11.99,0.3545922597941652
Evan Williams Single Barrel Bourbon,25.360113,84.5,8.710000038146973,31.99,1.2614296943224215
Bird Dog Chocolate Whiskey,25.360113,NULL,NULL,18.99,0.7488136848344574
Pendleton Limited Edition-wnp15,25.360113,NULL,NULL,25.49,1.0051216895784394
The Dubliner Irish Whiskey,25.360113,NULL,NULL,28.99,1.1431336921328914
Jim Beam Devil's Cut Bourbon,25.360113,75.3,8.050000190734863,24.99,0.9854056892135178
Wathen's Single Barrel Bourbon,25.360113,84.33333333333333,NULL,39.99,1.5768857753717413
JP Wiser's Rye,25.360113,NULL,NULL,19.99,0.7882456855643007
Chivas Regal 12 Year Scotch,1.6906742,69.52083333333333,7.760000228881836,3.19,1.8868212953756849
Jim Beam Double Oak,25.360113,86.0,NULL,24.99,0.9854056892135178
Caol Ila 12 Year Scotch,25.360113,84.94845360824742,8.720000267028809,65.99,2.6021176439265243
Colonel's Pride Bourbon,59.1736,NULL,NULL,16.99,0.28712128362009187
Old Grand Dad,25.360113,NULL,NULL,18.99,0.7488136848344574
Wild Turkey Russell's Reserve Rye,25.360113,82.0,8.65999984741211,44.99,1.7740457790209585
Westland American Single Malt Whiskey,25.360113,81.4,8.470000267028809,74.99,2.9570056504951148
Southern Comfort Caramel,1.6906742,NULL,NULL,1.99,1.1770452440252896
Angel's Envy Port Barrel Bourbon,25.360113,NULL,NULL,49.99,1.9712057826701754
Forged Oak Bourbon,25.360113,NULL,NULL,69.99,2.759845646845898
Irishman Founders Reserve,25.360113,NULL,8.319999694824219,29.99,1.1825656928627348
Bowmore 12 Year Single Malt Scotch,25.360113,76.14545454545454,8.380000114440918,51.99,2.050069784129862
Jack Daniel's 150th Anniversary Tennessee Whiskey,25.360113,NULL,8.90999984741211,27.99,1.103701691403048
Geo. Washington Straight Rye 2yr (distillery Only),12.680057,NULL,NULL,187.99,14.82564406761942
Rabble Rouser Straight Rye (distillery Only),25.360113,NULL,NULL,61.59,2.4286169309679004
Jack Daniel's Honey Tennessee Whiskey,33.813484,70.5,NULL,32.99,0.9756463276971282
Canada House Whisky,59.1736,NULL,NULL,16.49,0.2786715694503431
The Macallan 12yr Scotch,25.360113,83.83333333333333,NULL,67.99,2.680981645386211
Eagle Rare 10 Year Bourbon,25.360113,83.9,8.550000190734863,30.99,1.2219976935925783
Booker's Rye Whiskey,25.360113,91.25,9.289999961853027,299.99,11.829205513867588
Early Times Whiskey,33.813484,46.333333333333336,NULL,15.49,0.45810126171000415
Bunnahabhain 12 Year Single Malt Scotch,25.360113,85.66666666666667,8.579999923706055,69.99,2.759845646845898
Early Times Whiskey,25.360113,92.66666666666667,NULL,11.99,0.47278967972555364
Black Velvet Cinnamon Rush Flavored Whiskey,25.360113,NULL,NULL,12.9,0.5086727943728653
Glenmorangie Original Angled Frame The Open,25.360113,NULL,NULL,44.99,1.7740457790209585
Bird Dog Maple Flavored Whiskey,25.360113,NULL,NULL,18.99,0.7488136848344574
Rebel Yell Root Beer,25.360113,NULL,NULL,15.99,0.6305176826449272
Red Stag,33.813484,52.0,NULL,20.99,0.6207582647206081
Clan Macgregor Scotch (plastic),59.1736,NULL,NULL,19.99,0.3378195686385847
Inver House Scotch,59.1736,NULL,NULL,18.99,0.3209201402990871
Talisker Distiller's Edition,25.360113,88.57142857142857,NULL,95.99,3.7850776658218264
John E. Fitzgerald VS Reserve,12.680057,NULL,NULL,299.99,23.658411027735177
Jack Daniel's Single Barrel Tennessee Whiskey,25.360113,78.05882352941177,8.460000038146973,49.99,1.9712057826701754
Lock Stock & Barrel 13 Year Rye Whiskey,25.360113,NULL,NULL,99.99,3.9428056687412
Wild Turkey American Honey,33.813484,NULL,NULL,29.99,0.8869242696470511
Duggan's Dew O'kirkintilloch Scotch,59.1736,NULL,NULL,27.99,0.4730149953545654
Jack Daniel's Single Barrel - Barrel Proof,25.360113,74.4,NULL,69.99,2.759845646845898
Crown Royal Honey Whiskey,1.6906742,NULL,NULL,2.99,1.7685252633139814
Johnnie Walker Black Scotch,59.1736,77.36904761904762,8.270000457763672,87.99,1.4869806634913194
Elijah Craig 12yr,59.1736,84.1044776119403,8.6899995803833,54.99,0.9292995927541019
Murlarkey Cincerity,25.360113,NULL,NULL,29.99,1.1825656928627348
Ardbeg Perpetuum Scotch,25.360113,82.7,8.899999618530273,99.99,3.9428056687412
Woodford Reserve Double Oaked,25.360113,82.0,8.720000267028809,56.99,2.2472297877790792
George Dickel No. 8 Tennessee Whiskey,12.680057,70.75,NULL,11.49,0.9061473587212638
Bird Dog Cinnamon Whiskey,1.6906742,NULL,NULL,1.19,0.7038612567983014
Bird Dog Maple Whiskey,1.6906742,NULL,NULL,1.19,0.7038612567983014
Mcclelland's Islay Scotch,25.360113,63.166666666666664,NULL,27.99,1.103701691403048
Eagle Rare 10 Year Bourbon,59.1736,83.9,8.550000190734863,57.99,0.9799978777725947
Old Forester,59.1736,78.25,8.109999656677246,37.99,0.6420093109826429
Black Velvet,25.360113,45.0,NULL,9.99,0.39392567826586683
Jefferson's Wood Experiment Collection,33.813484,NULL,NULL,99.99,2.9571042515559
Jim Beam Kentucky Fire Bourbon,59.1736,NULL,NULL,27.99,0.4730149953545654
Dewar's White Label Scotch,6.7626967,59.2962962962963,7.489999771118164,8.99,1.3293513095065765
High West American Prairie Bourbon,25.360113,NULL,8.239999771118164,40.99,1.6163177761015848
Jack Daniel's No. 7 Black Tennessee Whiskey,59.1736,NULL,NULL,52.99,0.8955007360751067
Early Times Fire Eater Cinnamon Whiskey,1.6906742,NULL,NULL,1.19,0.7038612567983014
Ancient Ancient Age Bourbon,59.1736,NULL,NULL,28.99,0.489914423694063
Blanton Single Barrel Bourbon,25.360113,NULL,8.630000114440918,58.99,2.326093789238766
Hiram Walker's Ten High Bourbon,33.813484,NULL,NULL,10.49,0.3102312589730914
Canadian Hunter Whisky,25.360113,NULL,NULL,8.99,0.3544936775360234
Cooper's Croze,25.360113,NULL,8.600000381469727,69.99,2.759845646845898
Jack Daniel's No. 7 Black Tennessee Whiskey,6.7626967,NULL,NULL,8.99,1.3293513095065765
Jack Daniel's Tennessee Fire,25.360113,NULL,NULL,24.99,0.9854056892135178
Crown Royal Whisky (plastic),12.680057,NULL,NULL,17.69,1.39510422793978
Glenlivet 12 Year Single Malt Scotch,25.360113,76.70192307692308,8.050000190734863,49.99,1.9712057826701754
Wild Turkey Masters Keep Decades,25.360113,84.0,NULL,149.99,5.9144060060756605
Early Times PET,59.1736,NULL,NULL,21.99,0.3716184253175799
J.T.S. Brown,59.1736,NULL,NULL,18.99,0.3209201402990871
Jim Beam Bourbon,25.360113,72.0,NULL,17.49,0.6896656837396923
Jim Beam's Choice Bourbon,59.1736,78.0,NULL,38.99,0.6589087393221404
Yellow Stone 7yr Limited Edition 2015 Ksbw,25.360113,NULL,NULL,104.99,4.139965672390417
Teeling Small Batch Irish Whiskey,25.360113,82.72727272727273,NULL,39.99,1.5768857753717413
Larceny Bourbon,1.6906742,NULL,NULL,1.59,0.9404532504117955
Glenmorangie Milsean Scotch,25.360113,73.33333333333333,8.489999771118164,99.99,3.9428056687412
Knob Creek Rye Whiskey,25.360113,80.72222222222223,NULL,36.99,1.4585897731822113
Kopper Kettle Whiskey,25.360113,82.5,NULL,33.99,1.340293770992681
Virginia Black,25.360113,51.0,NULL,34.99,1.3797257717225244
Forty Creek Barrel Select Whiskey,25.360113,77.72727272727273,8.470000267028809,19.99,0.7882456855643007
Tomatin 12 Year Scotch,25.360113,75.60606060606061,7.869999885559082,36.99,1.4585897731822113
Elijah Craig 23 Year Single Barrel Bourbon,25.360113,NULL,NULL,200.69,7.913608322741805
Evan Williams Green Bourbon,25.360113,79.0,NULL,10.99,0.4333576789957102
Maker's Mark Bourbon,59.1736,79.97368421052632,8.229999542236328,61.99,1.047595591130585
Rod And Rifle Straight Bourbon Whiskey,25.360113,NULL,NULL,37.09,1.4625329130867375
Whistlepig Straight Rye Whiskey 15 Year,25.360113,NULL,NULL,199.99,7.88600604256783
Seagram's 7 Crown Whiskey,12.680057,58.0,NULL,8.49,0.6695553543422035
Jeremiah Weed Sarsaparilla,25.360113,NULL,NULL,17.99,0.709381684104614
Dalwhinnie Distiller's Edition,25.360113,78.85714285714286,8.59000015258789,84.99,3.351325657793549
Johnnie Walker Select Casks,25.360113,NULL,NULL,44.89,1.7701024886952867
Four Roses Limited Edition Small Batch Barrel,25.360113,NULL,NULL,93.59,3.690440803901744
Russell's Reserve Single Barrel,25.360113,85.88,8.819999694824219,59.99,2.3655257899686095
Michter's Limited Release Single Barrel 10 Yr Rye,25.360113,NULL,NULL,131.19,5.173084272017689
Southern Comfort Whiskey,25.360113,25.0,NULL,16.99,0.6699496833747706
Bushmills Irish Whiskey,25.360113,NULL,NULL,44.99,1.7740457790209585
The Macallan Fine Oak 15 Yr,25.360113,85.44,8.390000343322754,119.99,4.731445683338068
Wild Turkey Kentucky Spirit,25.360113,80.46153846153847,NULL,54.99,2.1683657863193924
Jack Daniel's Tennessee Fire,59.1736,NULL,NULL,45.99,0.7772047376986236
Ardbeg Auriverdes Scotch,25.360113,84.14285714285714,8.890000343322754,99.99,3.9428056687412
Johnnie Walker Blue Label 2015: Year Of The Ram,25.360113,NULL,NULL,259.99,10.251925484673853
The Glenlivet Nadurra Oloroso,25.360113,83.8,8.300000190734863,94.99,3.745645665091983
Abraham Bowman Wheat Bourbon Limited Edition,25.360113,NULL,NULL,69.99,2.759845646845898
Old Forester Birthday Bourbon 2016,25.360113,88.5,NULL,79.99,3.154165654144332
Jack Daniel's Honey Tennessee Whiskey,12.680057,70.5,NULL,12.99,1.024443360910794
Yamazaki 12 Year Whisky,25.360113,81.76086956521739,8.619999885559082,84.99,3.351325657793549
George Dickel No. 12 Tennessee Whiskey,25.360113,80.85714285714286,8.270000457763672,25.99,1.024837689943361
Canadian Club Whisky,59.1736,74.5,NULL,29.99,0.5068138520335606
Crown Royal Whiskey,59.1736,66.42857142857143,7.539999961853027,58.99,0.9968973061120923
Crown Royal Regal Apple Whiskey,59.1736,NULL,NULL,58.99,0.9968973061120923
Auchentosahn American Oak Scotch,25.360113,NULL,7.550000190734863,39.99,1.5768857753717413
The Macallan 12yr,12.680057,83.83333333333333,NULL,36.99,2.9171795463644226
Jim Beam's Choice Bourbon,25.360113,78.0,NULL,19.99,0.7882456855643007
Woodford Reserve Bourbon,25.360113,NULL,8.399999618530273,36.99,1.4585897731822113
Jack Daniel's Sinatra Select,33.813484,NULL,NULL,149.99,4.435804504556746
Yukon Jack Wicked Hot,25.360113,NULL,NULL,17.9,0.7058327980220823
Chivas Regal Extra,25.360113,66.0,NULL,49.99,1.9712057826701754
Jim Beam Signature Craft 12 Year Bourbon,25.360113,78.88888888888889,NULL,36.99,1.4585897731822113
Rich & Rare Whisky,59.1736,NULL,7.679999828338623,17.99,0.30402071195958946
Aberlour 16 Year Single Malt Scotch,25.360113,85.29629629629629,NULL,84.99,3.351325657793549
Caol Ila 15 Year Scotch,25.360113,NULL,NULL,135.99,5.362357995857853
Glenmorangie Lasanta Scotch,25.360113,78.59322033898304,8.399999618530273,57.99,2.2866617885089227
Grant's Scotch,25.360113,NULL,NULL,18.99,0.7488136848344574
Highland Park Dark Origins,25.360113,82.6,8.470000267028809,79.99,3.154165654144332
Johnnie Walker Black Scotch,12.680057,77.36904761904762,8.270000457763672,23.99,1.8919473769673487
1792 Sweet Wheat Bourbon,25.360113,81.875,8.670000076293945,39.99,1.5768857753717413
Buffalo Trace Bourbon,25.360113,84.3015873015873,8.569999694824219,26.99,1.0642696906732045
Seagram's 7 Crown Whiskey,59.1736,58.0,NULL,25.99,0.43921613867557024
Early Times Whiskey,1.6906742,46.333333333333336,NULL,1.39,0.822157218350092
Laphroaig 18 Year Scotch,25.360113,89.42857142857143,9.039999961853027,109.99,4.3371256760396335
Wild Turkey 101,25.360113,84.9090909090909,8.510000228881836,25.99,1.024837689943361
Crown Royal Black Whiskey,33.813484,76.4,8.199999809265137,38.99,1.1530903309814236
Lord Calvert Whisky,59.1736,NULL,NULL,20.99,0.3547189969780823
Old Crow Reserve,59.1736,70.2,NULL,22.99,0.38851785365707747
Bushmills Irish Honey,25.360113,NULL,NULL,19.99,0.7882456855643007
Jim Beam Black Bourbon,33.813484,76.5,8.210000038146973,29.99,0.8869242696470511
Knob Creek Bourbon,33.813484,81.5,NULL,46.99,1.389682335360484
Woodford Reserve Master Collection Classic,25.360113,NULL,NULL,99.99,3.9428056687412
Early Times Whiskey,12.680057,46.333333333333336,NULL,6.49,0.5118273514228299
Crown Royal Maple Flavored Whiskey,25.360113,NULL,NULL,28.99,1.1431336921328914
Southern Comfort Black Cherry,1.6906742,NULL,NULL,1.9,1.1238120225465318
Seagram's VO,33.813484,NULL,7.789999961853027,21.99,0.6503322652679907
Bib & Tucker Bourbon,25.360113,NULL,NULL,88.59,3.493280800252527
Rebel Yell,25.360113,70.0,7.449999809265137,15.99,0.6305176826449272
Bird Dog Ruby Red Grapefruit Flavored Whiskey,1.6906742,NULL,NULL,1.19,0.7038612567983014
Crown Royal Vanilla,12.680057,NULL,NULL,17.99,1.418763368209228
Glenfiddich Ancient Reserve Single Malt,25.360113,NULL,NULL,119.99,4.731445683338068
Rich & Rare Reserve Canadian,59.1736,NULL,NULL,24.99,0.42231671033607265
Glenfiddich India Pale Ale Cask,25.360113,NULL,NULL,74.99,2.9570056504951148
Johnnie Walker Red Scotch,25.360113,47.666666666666664,7.369999885559082,27.49,1.0839856910381263
Tullamore Dew 12 Irish,25.360113,NULL,NULL,44.99,1.7740457790209585
Glenfiddich 12 Year Scotch,12.680057,77.17073170731707,8.079999923706055,27.99,2.207403382806096
Johnnie Walker Red Scotch,12.680057,47.666666666666664,7.369999885559082,15.49,1.221603364560011
Blood Oath: Pact 2,25.360113,NULL,NULL,99.99,3.9428056687412
John B Stetson Bourbon,25.360113,NULL,NULL,35.59,1.4033849119919724
Kentucky Gentleman Whiskey (bourbon & Blend),33.813484,NULL,NULL,10.59,0.31318867030941555
Mcclelland's Lowland,25.360113,71.5,NULL,26.9,1.0607208045906729
Burnside Bourbon,25.360113,NULL,NULL,34.99,1.3797257717225244
Jim Beam Bourbon Operation Homefront (plastic),59.1736,NULL,NULL,31.99,0.5406127087125557
Hudson Manhattan Rye Whiskey,25.360113,83.0,NULL,59.99,2.3655257899686095
Glenmorangie Nectar D'or Scotch,25.360113,74.66666666666667,8.760000228881836,73.99,2.917573649765272
Four Roses Elliott's Select 2016 Limited Edition,25.360113,NULL,NULL,124.99,4.928605686987285
Jim Beam Signature Craft Quarter Cask Bourbon,25.360113,NULL,NULL,36.99,1.4585897731822113
Old Taylor PET,59.1736,NULL,NULL,18.99,0.3209201402990871
Carstairs White Seal Whiskey,59.1736,NULL,NULL,11.99,0.20262414192260395
Bird Dog Blackberry Whiskey,25.360113,NULL,NULL,18.99,0.7488136848344574
Dewar's Special Reserve,25.360113,NULL,NULL,39.99,1.5768857753717413
Woodford Reserve Master Collection Brandy Finish,25.360113,NULL,NULL,99.99,3.9428056687412
Cabin Fever Maple Whiskey,1.6906742,NULL,NULL,1.49,0.8813052343809438
Pennington's Strawberry Rye Whiskey,25.360113,NULL,NULL,22.99,0.9065416877538309
Hiram Walker's Ten High Bourbon,59.1736,NULL,NULL,17.99,0.30402071195958946
Virginia Sweetwater Shiners Gold Moonshine 101 Pro,25.360113,NULL,NULL,34.89,1.3757824813968529
Wild Turkey American Honey,59.1736,NULL,NULL,49.99,0.844802451056614
Ancient Age Bourbon,12.680057,76.33333333333333,NULL,6.49,0.5118273514228299
Basil Hayden's Bourbon,25.360113,80.14285714285714,8.380000114440918,43.99,1.734613778291115
Jim Beam 7 Yr,25.360113,NULL,NULL,23.99,0.9459736884836744
The Macallan Double Cask 12 Yr,25.360113,83.33333333333333,8.59000015258789,67.99,2.680981645386211
Baker's Bourbon,25.360113,NULL,NULL,49.99,1.9712057826701754
Benchmark No. 8 Bourbon,25.360113,NULL,NULL,10.99,0.4333576789957102
Parker's Heritage 24 Yr Bib,25.360113,NULL,NULL,249.99,9.85760607906
Filibuster Boondoggler,25.360113,NULL,NULL,44.79,1.7661593487907608
Black Velvet Portable,25.360113,NULL,NULL,9.99,0.39392567826586683
Chivas Regal 12 Year Scotch,12.680057,69.52083333333333,7.760000228881836,21.99,1.7342193740479752
The Glenrothes Sherry Cask Reserve Scotch,25.360113,81.66666666666667,8.130000114440918,59.99,2.3655257899686095
Bernheim Original Wheat Whiskey,25.360113,NULL,NULL,26.99,1.0642696906732045
Jameson Irish Whiskey,12.680057,70.28571428571429,7.820000171661377,18.99,1.4976273696689149
Mcclelland's Highland Scotch,25.360113,63.0,NULL,26.99,1.0642696906732045
Virginia Gentleman,1.6906742,71.0,NULL,1.49,0.8813052343809438
Beam's 8 Star,33.813484,NULL,NULL,9.75,0.28834650533697986
Bird Dog Blackberry W/ Tervis Glass,25.360113,NULL,NULL,18.99,0.7488136848344574
Knob Creek Smoked Maple Bourbon,25.360113,57.666666666666664,NULL,36.99,1.4585897731822113
Canadian Club Reserve Triple Aged Whisky,25.360113,NULL,NULL,19.49,0.7685296851993791
Maker's Mark Bourbon,25.360113,79.97368421052632,8.229999542236328,29.99,1.1825656928627348
E H Taylor Jr. Straight Rye Whiskey,25.360113,NULL,NULL,59.99,2.3655257899686095
Evan Williams Fire Bourbon,25.360113,NULL,NULL,14.49,0.5713696815501621
Jim Beam Honey Bourbon,1.6906742,10.0,NULL,1.49,0.8813052343809438
Clontarf Classic Blend,25.360113,NULL,NULL,21.99,0.8671096870239876
Evan Williams Green Bourbon,12.680057,79.0,NULL,5.99,0.47239535069298644
Wild Turkey 101,12.680057,84.9090909090909,8.510000228881836,13.99,1.1033073623704808
Geo.washington Unaged Rye 96 Proof Distillery Only,1.6906742,NULL,NULL,29.99,17.738485643088833
Southern Comfort Caramel,33.813484,NULL,NULL,19.99,0.5911842641732256
Nikka Coffey Grain Whisky,25.360113,77.38461538461539,8.59000015258789,74.99,2.9570056504951148
Teacher's Scotch,59.1736,NULL,NULL,39.9,0.6742872165324352
Booker's Bourbon,25.360113,88.19047619047619,NULL,59.99,2.3655257899686095
Jim Beam Bonded,25.360113,81.88888888888889,NULL,24.99,0.9854056892135178
Canadian Mist Whisky,1.6906742,74.33333333333333,7.619999885559082,1.39,0.822157218350092
Crown Royal Black Whiskey,12.680057,76.4,8.199999809265137,18.49,1.4581953689390714
Crown Royal XO,25.360113,NULL,8.729999542236328,49.99,1.9712057826701754
Cutty Sark Scotch,33.813484,62.375,7.5,24.99,0.7390542669101383
Johnnie Walker Black,6.7626967,77.36904761904762,8.270000457763672,13.49,1.9947663312063548
Johnnie Walker Black Scotch,33.813484,77.36904761904762,8.270000457763672,54.99,1.6262743397395443
Wild Turkey Bourbon PET,25.360113,NULL,NULL,25.99,1.024837689943361
Woodford Reserve Rye,25.360113,85.0,8.460000038146973,36.99,1.4585897731822113
Belle Meade Bourbon Sherry Finish,25.360113,NULL,NULL,85.29,3.3631553783494184
Corsair Triple Smoke Small Batch Rum,25.360113,NULL,NULL,53.99,2.128933785589549
Bowman's Scotch,33.813484,NULL,NULL,12.45,0.3681963011741198
Glenfiddich 14 Year Scotch,25.360113,NULL,NULL,59.99,2.3655257899686095
Speyburn Bradan Orach,25.360113,58.666666666666664,NULL,21.99,0.8671096870239876
Fighting Cock Bourbon,1.6906742,82.0,NULL,1.69,0.9996012664426472
Wild Turkey Diamond,25.360113,NULL,NULL,129.99,5.125765991478793
Wild Turkey Rare Breed,12.680057,174.3783783783784,17.479999542236328,23.99,1.8919473769673487
Jack Daniel's No. 7 Black Tennessee Whiskey,33.813484,NULL,NULL,32.99,0.9756463276971282
Jim Beam Honey Bourbon,59.1736,10.0,NULL,32.99,0.5575121692851549
Red Breast,25.360113,NULL,NULL,61.99,2.4443897914282964
Dewar's White Label Scotch,25.360113,59.2962962962963,7.489999771118164,23.99,0.9459736884836744
Crown Royal Vanilla,1.6906742,NULL,NULL,2.99,1.7685252633139814
Yukon Jack Jacapple,25.360113,NULL,NULL,17.99,0.709381684104614
Canadian Mist Easy Pour,59.1736,NULL,NULL,19.99,0.3378195686385847
The Quiet Man Traditional Irish Whiskey,25.360113,NULL,NULL,50.99,2.0106377834000186
House Of Stuart Scotch,59.1736,36.0,NULL,18.99,0.3209201402990871
Passport,25.360113,42.0,NULL,17.95,0.7078044431849181
Pendleton Canadian,25.360113,NULL,NULL,25.49,1.0051216895784394
The Famous Grouse,33.813484,71.88888888888889,7.619999885559082,32.99,0.9756463276971282
Crown Royal Black Whiskey,25.360113,76.4,8.199999809265137,32.99,1.3008617702628376
Jameson 12 Yr,25.360113,81.66666666666667,NULL,69.99,2.759845646845898
Bulleit 10 Year Bourbon,25.360113,85.25,8.5600004196167,51.99,2.050069784129862
Mattingly & Moore Bourbon,33.813484,NULL,NULL,9.99,0.2954442586994001
Old Crow Traveler,25.360113,NULL,NULL,9.99,0.39392567826586683
George Dickel No. 12 Tennessee Whiskey,33.813484,80.85714285714286,8.270000457763672,29.99,0.8869242696470511
Jack Daniel's Holiday Select,25.360113,NULL,NULL,49.99,1.9712057826701754
Kopper Kettle Apple Whiskey,25.360113,NULL,NULL,24.99,0.9854056892135178
Lagavulin 8yr,25.360113,85.6875,8.84000015258789,64.99,2.562685643196681
Blanton Single Barrel Bourbon,12.680057,NULL,8.630000114440918,26.99,2.128539381346409
Crown Royal Vanilla,25.360113,NULL,NULL,28.99,1.1431336921328914
George Dickel 14 Year Tennessee Whisey,25.360113,NULL,NULL,64.99,2.562685643196681
Southern Comfort Whiskey 100 Proof,59.1736,NULL,NULL,34.99,0.5913110259641501
Old Crow,25.360113,71.4,NULL,9.99,0.39392567826586683
Prichard's Tennessee Whiskey,25.360113,85.0,NULL,36.99,1.4585897731822113
James E. Pepper 1776 Rye Whiskey,25.360113,89.0,NULL,29.89,1.178622477747636
Bird Dog Apple Bourbon,1.6906742,NULL,NULL,1.19,0.7038612567983014
Yukon Jack,25.360113,NULL,NULL,26.99,1.0642696906732045
Tullamore Dew,25.360113,66.0,NULL,29.99,1.1825656928627348
Bulleit Bourbon,12.680057,81.15384615384616,8.380000114440918,17.99,1.418763368209228
Gentleman Jack Whiskey,1.6906742,63.27272727272727,7.909999847412109,2.99,1.7685252633139814
Wild Turkey Forgiven Whiskey,25.360113,79.14285714285714,NULL,54.99,2.1683657863193924
Glenmorangie The Original 10 Yr,25.360113,74.0,NULL,45.99,1.8134777797508017
Michter's Us1 Small Batch Bourbon,25.360113,83.66666666666667,8.5,41.99,1.6557497768314282
13th Colony Southern Corn Whiskey,25.360113,NULL,NULL,29.95,1.180988451943039
Michter's Us 1 Single Barrel Straight Rye,25.360113,77.66666666666667,NULL,41.99,1.6557497768314282
Senator's Club Whiskey,33.813484,NULL,NULL,9.69,0.2865720528943924
Passport,59.1736,42.0,NULL,29.99,0.5068138520335606
The Glenlivet Founders Reserve,25.360113,NULL,7.920000076293945,44.99,1.7740457790209585
High West Whiskey Double Rye,25.360113,87.125,8.680000305175781,40.99,1.6163177761015848
Jim Beam Apple,59.1736,NULL,NULL,29.99,0.5068138520335606
Hibiki Harmony Whiskey,25.360113,73.0,8.40999984741211,64.99,2.562685643196681
(ri)1 Rye Whiskey,25.360113,NULL,NULL,39.99,1.5768857753717413
Jack Daniel's Honey Tennessee Whiskey,25.360113,70.5,NULL,24.99,0.9854056892135178
Canadian Club Whisky,33.813484,74.5,NULL,19.99,0.5911842641732256
Glenfiddich 18 Yr Ancient Reserve,25.360113,NULL,NULL,119.99,4.731445683338068
Vat 69 Gold,59.1736,NULL,NULL,25.99,0.43921613867557024
Hudson Four Grain Whiskey,12.680057,76.0,NULL,45.99,3.6269555595016034
Paul Jones Whiskey,25.360113,NULL,NULL,7.99,0.31506167680618
Crown Royal Special Reserve,59.1736,69.0,NULL,99.99,1.6897738035652905
West Cork Black Reserve Irish Whiskey,25.360113,NULL,NULL,39.99,1.5768857753717413
Ardbeg Corryvreckan Scotch,25.360113,90.1125,9.09000015258789,84.99,3.351325657793549
The Macallan Edition No. 1,25.360113,89.75,8.819999694824219,99.99,3.9428056687412
Belle Meade Bourbon,25.360113,75.0,NULL,41.99,1.6557497768314282
Fighting Cock Bourbon,25.360113,82.0,NULL,18.99,0.7488136848344574
Jefferson's Very Small Batch,25.360113,72.0,7.920000076293945,34.99,1.3797257717225244
Michter's Us-1 Barrel Strength Rye Whiskey,25.360113,88.5,8.979999542236328,77.49,3.0555856523197233
Balvenie Doublewood 17 Year Scotch,25.360113,86.07692307692308,8.720000267028809,149.99,5.9144060060756605
J & B Rare Scotch,33.813484,NULL,NULL,31.99,0.9460722707418162
Laphroaig Select Scotch,25.360113,80.0,8.3100004196167,47.99,1.8923417812104886
The Glenlivet Nadurra First Fill,25.360113,85.5,NULL,94.99,3.745645665091983
Knappogue Castle 12 Yr,25.360113,77.83333333333333,8.5,39.99,1.5768857753717413
Talisker 30yr,25.360113,88.16666666666667,9.199999809265137,889.99,35.0940859444752
Virginia Gentleman,33.813484,71.0,NULL,16.99,0.502462262531078
Senator's Club Whiskey (plastic),25.360113,NULL,NULL,7.89,0.3111184804937243
The Macallan Fine Oak 10yr,25.360113,81.70588235294117,8.229999542236328,56.99,2.2472297877790792
Old Forester,33.813484,78.25,8.109999656677246,21.99,0.6503322652679907
Pikesville Rye 110 Proof,25.360113,NULL,NULL,49.99,1.9712057826701754
Sagamore Spirit Rye Whiskey,25.360113,NULL,NULL,44.99,1.7740457790209585
Calvert Extra Whiskey,59.1736,NULL,NULL,17.49,0.2955709977898407
Wild Turkey Spiced,1.6906742,79.5,NULL,1.89,1.117897227994438
Jameson Irish Whiskey,25.360113,70.28571428571429,7.820000171661377,29.99,1.1825656928627348
Distiller's Pride,59.1736,NULL,NULL,17.49,0.2955709977898407
Seagram's 7 Crown Whiskey,25.360113,58.0,NULL,15.99,0.6305176826449272
Jim Beam Kentucky Fire Bourbon,1.6906742,NULL,NULL,1.49,0.8813052343809438
The Macallan 25yr,25.360113,NULL,NULL,NULL,NULL
The Macallan Fine Oak 21 YR Old,25.360113,NULL,8.520000457763672,499.99,19.715605659836267
Wild Turkey 81,33.813484,76.15384615384616,8.130000114440918,29.99,0.8869242696470511
Gentleman Jack Whiskey,25.360113,63.27272727272727,7.909999847412109,32.99,1.3008617702628376
Hell Cat Maggie Irish Whiskey,25.360113,NULL,NULL,24.99,0.9854056892135178
Johnnie Walker Green Scotch,25.360113,83.70769230769231,8.520000457763672,61.99,2.4443897914282964
Rosebank 21 Year,25.360113,88.0,NULL,569.99,22.475845710925306
Teacher's Scotch,25.360113,NULL,NULL,19.99,0.7882456855643007
Southern Comfort Whiskey (plastic),25.360113,NULL,NULL,16.99,0.6699496833747706
Laphroaig Single Malt,25.360113,NULL,NULL,54.99,2.1683657863193924
Jack Daniel's No. 7 Black Tennessee Whiskey,12.680057,NULL,NULL,12.99,1.024443360910794
Paul Jones Whiskey,12.680057,NULL,NULL,4.49,0.35409934850345626
Evan Williams Kentucky Cider,25.360113,NULL,NULL,8.49,0.33477767717110174
Jim Beam Flavor Pack,38.209236,NULL,NULL,26.29,0.6880535589810312
Glenfiddich 12 Year Scotch,33.813484,77.17073170731707,8.079999923706055,59.99,1.774144342476457
Highland Park Fire Edition,25.360113,90.0,NULL,399.99,15.772405586851928
Talisker Storm,25.360113,83.35,8.609999656677246,59.99,2.3655257899686095
The Macallan Fine Oak 17yr,25.360113,87.375,8.789999961853027,249.99,9.85760607906
Jim Beam Devil's Cut Bourbon,12.680057,75.3,8.050000190734863,13.99,1.1033073623704808
Jack Daniel's Tennessee Fire,12.680057,NULL,NULL,12.99,1.024443360910794
Southern Comfort Whiskey,1.6906742,25.0,NULL,0.99,0.5855652247365979
Glenkinchie Distiller's Edition,25.360113,NULL,8.399999618530273,67.99,2.680981645386211
Wild Turkey 101,1.6906742,84.9090909090909,8.510000228881836,2.49,1.4727852536696355
Tim Smith's Climax 'Wood Fired' Whiskey,25.360113,NULL,NULL,34.99,1.3797257717225244
Evan Williams Honey Whiskey,25.360113,NULL,NULL,14.49,0.5713696815501621
Seagram's VO Whisky (plastic),59.1736,NULL,NULL,33.99,0.5744115976246525
The Black Grouse,59.1736,71.58333333333333,NULL,50.59,0.8549420822738313
The Famous Grouse Smoky Black,59.1736,77.0,NULL,54.99,0.9292995927541019
Jim Beam Bourbon,1.6906742,72.0,NULL,1.49,0.8813052343809438
Old Forester 1870 Craft,25.360113,80.0,NULL,44.99,1.7740457790209585
Dewar's Highlander Honey Scotch,1.6906742,55.0,NULL,2.29,1.354489221607932
Buffalo Trace Bourbon,59.1736,84.3015873015873,8.569999694824219,54.99,0.9292995927541019
Rhetoric Whiskey,25.360113,NULL,NULL,109.99,4.3371256760396335
Paul Jones Whiskey,33.813484,NULL,NULL,9.69,0.2865720528943924
Clyde May's Whiskey,25.360113,NULL,NULL,32.99,1.3008617702628376
Pogues Irish Whiskey,25.360113,NULL,NULL,39.99,1.5768857753717413
Canadian Club Classic Small Batch Whisky,25.360113,NULL,NULL,23.99,0.9459736884836744
Old Bushmills,33.813484,NULL,NULL,29.99,0.8869242696470511
Jim Beam Single Barrel Bourbon,25.360113,85.16666666666667,NULL,34.99,1.3797257717225244
Defiant Whisky,25.360113,60.0,NULL,38.99,1.537453774641898
Crown Royal Whiskey,1.6906742,66.42857142857143,7.539999961853027,2.99,1.7685252633139814
Clynelish Select Reserve Scotch,25.360113,NULL,NULL,919.99,36.277045966370494
Glenlivet 12 Year Single Malt Scotch,1.6906742,76.70192307692308,8.050000190734863,3.99,2.3600052826026734
Ancient Age Bourbon,59.1736,76.33333333333333,NULL,26.99,0.45611556701506784
David Nicholson 1843,25.360113,85.0,NULL,29.99,1.1825656928627348
Four Roses 2016 Limited Edition Small Batch,25.360113,92.0,NULL,97.39,3.8402825270120653
Angel's Envy Rye Whiskey,25.360113,89.3,NULL,79.99,3.154165654144332
Crown Royal Regal Apple Whiskey,1.6906742,NULL,NULL,2.99,1.7685252633139814
Crown Royal Whiskey,33.813484,66.42857142857143,7.539999961853027,35.99,1.0643683293392758
Harwood Canadian Whisky,59.1736,NULL,NULL,17.69,0.2989508963509808
Colonel's Pride Bourbon,33.813484,NULL,NULL,9.69,0.2865720528943924
Gentleman Jack Whiskey,12.680057,63.27272727272727,7.909999847412109,16.99,1.3398993667495411
James E. Pepper 1776 Barrel Proof Rye Whiskey,25.360113,78.0,NULL,38.59,1.5216809141815024
Murlarkey Clemoncy Whiskey,25.360113,NULL,NULL,29.99,1.1825656928627348
Glenfiddich The Original With Tin,25.360113,NULL,NULL,99.99,3.9428056687412
Evan Williams Black Bourbon,25.360113,79.0,8.180000305175781,13.99,0.5516536811852404
Jim Beam Bourbon,59.1736,72.0,NULL,32.99,0.5575121692851549
George Dickel No. 8 Tennessee Whiskey,33.813484,70.75,NULL,25.99,0.7686282674575209
Senator's Club Whiskey,59.1736,NULL,NULL,15.79,0.2668419728360049
Paddy Old Irish Whiskey,25.360113,NULL,NULL,23.95,0.9443964475639784
Glenlivet Nadurra Scotch,25.360113,NULL,8.859999656677246,94.99,3.745645665091983
Four Roses Small Batch Bourbon,25.360113,85.32608695652173,8.5,37.99,1.4980217739120547
Wild Turkey Russell Reserve 10 Yr,25.360113,NULL,NULL,35.99,1.4191577724523678
Canadian Club Rye Whisky,25.360113,74.5,NULL,19.99,0.7882456855643007
The Knot Liqueur,25.360113,NULL,NULL,24.99,0.9854056892135178
Talisker 25 YR,25.360113,91.15384615384616,8.979999542236328,659.99,26.024725776611213
Ancient Age Traveler,25.360113,NULL,NULL,12.99,0.512221680455397
Elijah Craig 21 Year Single Barrel Bourbon,25.360113,NULL,NULL,158.29,6.2416911307856955
Ezra Brooks Bourbon,59.1736,NULL,NULL,25.99,0.43921613867557024
Filibuster Dual Cask Rye Whiskey,25.360113,NULL,NULL,46.29,1.8253073498855257
Glenmorangie Quinta Ruban Scotch,25.360113,84.81481481481481,8.569999694824219,61.99,2.4443897914282964
Sam Clay,59.1736,NULL,NULL,19.49,0.3293698544688359
Whoop & Holler,25.360113,NULL,NULL,189.99,7.491686035269397
Johnnie Walker Blue Scotch,25.360113,79.5,8.529999732971191,229.99,9.068966064463133
Duke Bourbon,25.360113,NULL,NULL,41.19,1.6242040559106372
E H Taylor Jr. Barrel Proof Whiskey,25.360113,NULL,NULL,69.99,2.759845646845898
Hudson Maple Cask Rye Whiskey,12.680057,NULL,NULL,49.99,3.942411565340351
Ardbeg Supernova Scotch,25.360113,NULL,NULL,119.99,4.731445683338068
Oban,25.360113,NULL,NULL,81.99,3.233029655604019
Lexington Bourbon,25.360113,NULL,NULL,27.99,1.103701691403048
George Dickel Hand Selected Barrel 9 Year,25.360113,NULL,NULL,44.95,1.7724684628906897
1792 High Rye,25.360113,86.0,NULL,39.99,1.5768857753717413
Lock Stock & Barrel 16 Yr Straight Rye Whiskey,25.360113,59.0,NULL,149.99,5.9144060060756605
Dewar's White Label Scratched Cask,25.360113,NULL,NULL,29.99,1.1825656928627348
Scoresby Rare,25.360113,NULL,NULL,13.9,0.5481047951027087
Bourbon Supreme Bourbon,59.1736,NULL,NULL,20.99,0.3547189969780823
Wild Turkey Rare Breed,1.6906742,87.1891891891892,8.739999771118164,3.99,2.3600052826026734
Canadian Mist Maple Mist Flavored Whiskey,25.360113,NULL,NULL,10.9,0.4298087929131785
Canadian Macnaughton Whisky,59.1736,NULL,NULL,19.99,0.3378195686385847
Mattingly & Moore Bourbon,59.1736,NULL,NULL,18.99,0.3209201402990871
War Horn Whisky,25.360113,NULL,NULL,34.89,1.3757824813968529
Tin Cup Whiskey,25.360113,NULL,NULL,32.99,1.3008617702628376
Cinerator Hot Cinnamon Whiskey,1.6906742,NULL,NULL,1.09,0.6447132407674496
Cutty Sark Prohibition,1.6906742,NULL,8.520000457763672,1.9,1.1238120225465318
George Washington Rye Whiskey (distlllery Only),12.680057,NULL,NULL,97.99,7.7278833345630265
Red Stag Hardcore Cider,1.6906742,37.333333333333336,NULL,1.69,0.9996012664426472
Balcones Baby Blue Corn Whiskey,25.360113,81.42857142857143,8.300000190734863,42.99,1.6951817775612716
Seagram's 7 Crown Whiskey,33.813484,58.0,NULL,19.99,0.5911842641732256
Brenne Estate Cask Whisky,25.360113,NULL,NULL,69.99,2.759845646845898
Kentucky Supreme No. 8 Bourbon,59.1736,NULL,NULL,18.49,0.3124704261293383
Bare Knuckle American Wheat Whiskey,25.360113,NULL,NULL,35.99,1.4191577724523678
Wild Turkey Spiced,25.360113,79.5,NULL,23.1,0.910879231901497
Oban Little Bay,25.360113,79.8,8.390000343322754,64.99,2.562685643196681
Old Forester,25.360113,78.25,8.109999656677246,18.99,0.7488136848344574
Woodford Reserve Bourbon,12.680057,NULL,8.399999618530273,19.99,1.5764913711286015
Jim Beam Rye Whiskey,25.360113,76.66666666666667,7.929999828338623,22.99,0.9065416877538309
Dewar's White Label Scotch,12.680057,59.2962962962963,7.489999771118164,14.99,1.1821713638301676
Glenfiddich Solera Reserve Single Malt,25.360113,NULL,NULL,69.99,2.759845646845898
Maker's Mark Bourbon,12.680057,79.97368421052632,8.229999542236328,18.49,1.4581953689390714
Bird Dog Ruby Red Grapefruit Flavored Whiskey,25.360113,NULL,NULL,18.99,0.7488136848344574
Fireball Cinnamon Whisky,59.1736,NULL,NULL,32.99,0.5575121692851549
2 Gingers Irish Whiskey,25.360113,NULL,8.039999961853027,17.99,0.709381684104614
Johnnie Walker Red Scotch,1.6906742,47.666666666666664,7.369999885559082,2.49,1.4727852536696355
Laphroaig 25 Year,25.360113,95.0,9.15999984741211,499.99,19.715605659836267
Paul Jones Whiskey,59.1736,NULL,NULL,15.49,0.2617721411108455
West Cork 10 Yr Irish Whiskey,25.360113,73.0,NULL,39.99,1.5768857753717413
Hibiki 12 Year,25.360113,78.6,8.609999656677246,82.59,3.2566887958734667
Calumet Farm Bourbon,25.360113,NULL,NULL,49.99,1.9712057826701754
Evan Williams 1783 Bourbon,25.360113,80.0,NULL,16.99,0.6699496833747706
Auchentoshan Three Wood Scotch,25.360113,82.34042553191489,8.25,69.99,2.759845646845898
Mortlach Rare,25.360113,NULL,8.449999809265137,129.99,5.125765991478793
Wild Turkey Rye 81,25.360113,NULL,8.010000228881836,25.99,1.024837689943361
Early Times Fire Eater Cinnamon Flavored Whiskey,25.360113,NULL,NULL,15.9,0.6269687965623955
Jefferson's Ocean - Aged At Sea,25.360113,NULL,8.640000343322754,79.99,3.154165654144332
Russell's Reserve Single Barrel Rye,25.360113,84.4,NULL,64.99,2.562685643196681
Glenmorangie Tusail Scotch,25.360113,80.71428571428571,8.800000190734863,99.99,3.9428056687412
1792 Bourbon Full Proof,25.360113,84.0,8.949999809265137,47.99,1.8923417812104886
Dewar's White Label Scotch,59.1736,59.2962962962963,7.489999771118164,48.99,0.8279030227171164
Scoresby Rare,59.1736,NULL,NULL,19.99,0.3378195686385847
Jim Beam Rye Whiskey,59.1736,76.66666666666667,7.929999828338623,41.99,0.7096070243406333
Jim Beam Apple Bourbon,25.360113,NULL,NULL,17.49,0.6896656837396923
Crown Royal Monarch Whiskey 75th Anniversary,25.360113,80.0,8.75,75.99,2.996437651224958
Laphroaig Triplewood,25.360113,86.21621621621621,8.699999809265137,74.99,2.9570056504951148
Aristocrat Whiskey,33.813484,NULL,NULL,9.69,0.2865720528943924
Fleischmann's Preferred Whiskey,59.1736,NULL,NULL,12.99,0.21952357026210154
Johnnie Walker Black Scotch,6.7626967,77.36904761904762,8.270000457763672,13.49,1.9947663312063548
Laphroaig Quarter Cask,25.360113,89.51851851851852,9.029999732971191,59.99,2.3655257899686095
Macallan 30yr Fine Oak,25.360113,NULL,8.569999694824219,NULL,NULL
Four Roses 2015 Limited Edition Small Batch,25.360113,92.0,NULL,97.39,3.8402825270120653
Blackback Honey Rye Whiskey,25.360113,NULL,NULL,38.89,1.5335104843162264
Leopold Bros. New York Apple Whiskey,25.360113,NULL,NULL,39.99,1.5768857753717413
Yukon Jack Jacapple,1.6906742,NULL,NULL,1.95,1.1533860658169142
Crown Royal Special Reserve,1.6906742,69.0,NULL,4.99,2.951485160871539
Belle Meade Bourbon Single Barrel,25.360113,NULL,NULL,68.29,2.6928113659420805
Kentucky Tavern Bourbon,59.1736,NULL,NULL,17.79,0.3006408456315509
Bulleit Rye Whiskey,12.680057,84.60526315789474,8.279999732971191,17.99,1.418763368209228
George Dickel Rye Whiskey,25.360113,78.6,8.520000457763672,28.99,1.1431336921328914
Seagram's 7 Crown Whiskey,6.7626967,58.0,NULL,4.99,0.7378712902178848
Balcones 1 Texas Single Malt,25.360113,NULL,NULL,79.99,3.154165654144332
Suntory Toki Whiskey,25.360113,79.0,8.170000076293945,39.99,1.5768857753717413
Ardbeg Quadrant Scotch,25.360113,NULL,NULL,52.99,2.0895017848597055
Glenfiddich Single Malt,25.360113,NULL,NULL,49.99,1.9712057826701754
Glenlivet 12 Year Single Malt Scotch,33.813484,76.70192307692308,8.050000190734863,59.99,1.774144342476457
Laphroaig Lore,25.360113,85.375,8.850000381469727,124.99,4.928605686987285
Jack Daniel's Master Distiller,25.360113,NULL,8.609999656677246,29.99,1.1825656928627348
Red Stag,25.360113,52.0,NULL,17.49,0.6896656837396923
Crown Royal Black Whiskey,59.1736,76.4,8.199999809265137,62.99,1.0644950194700826
Macallan 18 Year Single Malt Scotch,25.360113,87.28571428571429,NULL,274.99,10.843405495621504
Oban 18 Yr,25.360113,88.4,8.729999542236328,154.99,6.111566009724878
Jim Beam Signature Craft Brandy Finish Bourbon,25.360113,NULL,NULL,36.99,1.4585897731822113
Larceny Bourbon,25.360113,NULL,NULL,29.99,1.1825656928627348
Old Rip Van Winkle 10yr,25.360113,90.29166666666667,9.050000190734863,59.99,2.3655257899686095
Crown Royal Special Reserve,25.360113,69.0,NULL,46.99,1.8529097804806451
Ardbeg Uigeadall Scotch,25.360113,NULL,9.199999809265137,79.99,3.154165654144332
J & B Rare Scotch,59.1736,NULL,NULL,39.99,0.6758081676616381
Tamdhu 10 Yr Sherry Cask,25.360113,NULL,NULL,80.19,3.162052234795675
Wood Experiment Box Set 2,33.813484,NULL,NULL,99.99,2.9571042515559
George Dickel No. 8 Tennessee Whiskey,25.360113,70.75,NULL,22.99,0.9065416877538309
Copper Fox Rye Whiskey,25.360113,85.0,NULL,44.99,1.7740457790209585
Wild Turkey American Honey,12.680057,NULL,NULL,14.99,1.1821713638301676
Wild Turkey American Honey,1.6906742,NULL,NULL,1.99,1.1770452440252896
Seagram's VO,12.680057,NULL,7.789999961853027,8.99,0.7089873550720468
Knob Creek Bourbon,12.680057,81.5,NULL,19.99,1.5764913711286015
Bruichladdich Islay Barley Scotch,25.360113,NULL,NULL,67.99,2.680981645386211
Breckenridge Bourbon,25.360113,79.9,NULL,49.99,1.9712057826701754
Joseph Magnus Bourbon,25.360113,NULL,NULL,91.99,3.6273496629024526
Jack Daniel's Single Barrel Tennessee Whiskey,1.6906742,78.05882352941177,8.460000038146973,4.49,2.6557451512271935
Wasmund's Single Malt,25.360113,NULL,NULL,44.99,1.7740457790209585
Crown Royal Honey Whiskey,25.360113,NULL,NULL,28.99,1.1431336921328914
Southern Comfort Whiskey,33.813484,25.0,NULL,21.99,0.6503322652679907
Canadian Mist Whisky,6.7626967,74.33333333333333,7.619999885559082,2.99,0.44213131582849535
Glendronach 12 Year Single Malt Scotch,25.360113,84.16666666666667,8.59000015258789,64.99,2.562685643196681
The Balvenie Single Barrel,25.360113,NULL,NULL,99.9,3.9392569330798137
Jim Beam Bourbon (plastic),6.7626967,NULL,NULL,5.99,0.8857412950400577
Balvenie 12 Year Single Barrel Scotch,25.360113,NULL,8.609999656677246,89.99,3.548485661442766
Laphroaig Cairdeas Madeira,25.360113,NULL,8.84000015258789,74.99,2.9570056504951148
Jim Beam Distiller's Masterpiece,25.360113,NULL,NULL,199.99,7.88600604256783
Medley Bros. Straight Bourbon Whiskey,25.360113,NULL,NULL,24.99,0.9854056892135178
Jack Daniel's No. 7 Black Tennessee Whiskey,25.360113,NULL,NULL,24.99,0.9854056892135178
Rebel Yell Small Batch Rye,25.360113,NULL,NULL,29.99,1.1825656928627348
Balvenie 14 Year Caribbean Cask Scotch,25.360113,84.31182795698925,8.479999542236328,74.99,2.9570056504951148
Evan Williams Black Bourbon,33.813484,79.0,8.180000305175781,15.99,0.4728882619836954
Wild Turkey Masters 17yr,25.360113,NULL,NULL,149.99,5.9144060060756605
Elijah Craig,25.360113,NULL,NULL,29.99,1.1825656928627348
Haig Club Scotch,25.360113,60.0,NULL,69.99,2.759845646845898
Johnnie Walker Red Scotch,59.1736,47.666666666666664,7.369999885559082,49.99,0.844802451056614
The Famous Grouse,25.360113,71.88888888888889,7.619999885559082,24.99,0.9854056892135178
Maker's Mark 46 Bourbon,25.360113,84.25,8.779999732971191,39.99,1.5768857753717413
Canadian Mist Whisky,25.360113,148.66666666666666,15.239999771118164,10.99,0.4333576789957102
The Glenrothes Vintage Reserve Scotch,25.360113,86.0,8.600000381469727,54.99,2.1683657863193924
E H Taylor Small Batch Whiskey,25.360113,NULL,NULL,39.99,1.5768857753717413
Kentucky Gentleman Whiskey (bourbon & Blend),25.360113,NULL,NULL,8.99,0.3544936775360234
Kentucky Gentleman Whiskey (bourbon & Blend),59.1736,NULL,NULL,17.99,0.30402071195958946
Crown Royal Whiskey,6.7626967,66.42857142857143,7.539999961853027,9.49,1.403286311917663
Jim Beam Kentucky Fire Bourbon,25.360113,NULL,NULL,17.49,0.6896656837396923
Chivas Regal Scotch,59.1736,NULL,NULL,81.99,1.3855840934543338
Dalwhinnie Single Malt Scotch,25.360113,NULL,NULL,69.99,2.759845646845898
Henry Mckenna Single Barrel Bourbon,25.360113,NULL,NULL,29.99,1.1825656928627348
Knob Creek Bourbon,1.6906742,81.5,NULL,4.99,2.951485160871539
Wild Turkey 81,59.1736,76.15384615384616,8.130000114440918,46.99,0.7941041660381212
Old Overholt,25.360113,69.6,NULL,22.99,0.9065416877538309
Paul Jones Whiskey,25.360113,NULL,NULL,7.8,0.30756961321383575
Jameson 18 Year Irish Whiskey,25.360113,82.66666666666667,NULL,139.99,5.520085998777226
Bird Dog Small Batch Bourbon,25.360113,NULL,NULL,29.99,1.1825656928627348
Clyde May's Straight Bourbon,25.360113,NULL,NULL,36.99,1.4585897731822113
White Label Corn Whiskey,25.360113,NULL,NULL,32.49,1.2811457698979158
Red Stag Hardcore Cider,25.360113,37.333333333333336,NULL,17.49,0.6896656837396923
Black Velvet,6.7626967,45.0,NULL,2.99,0.44213131582849535
Evan Williams Black Carry Pack,25.360113,NULL,NULL,13.99,0.5516536811852404
Jim Beam Black Bourbon,59.1736,76.5,8.210000038146973,51.99,0.8786013077356092
Maker's Mark Cask Strength,25.360113,85.88571428571429,8.720000267028809,59.99,2.3655257899686095
Jack Daniel's Rested Rye,25.360113,NULL,NULL,51.9,2.0465208980473304
Rogue Dead Guy Whiskey,25.360113,58.5,NULL,45.1,1.778383172747479
Bird Dog Apple Bourbon,25.360113,NULL,NULL,18.99,0.7488136848344574
Tullamore Dew,33.813484,66.0,NULL,32.99,0.9756463276971282
Highland Park 25yr Single Malt,25.360113,90.45,9.170000076293945,799.99,31.545205878789286
Evan Williams Black Bourbon,59.1736,79.0,8.180000305175781,26.99,0.45611556701506784
Jim Beam Bourbon,33.813484,72.0,NULL,20.99,0.6207582647206081
Jim Beam Candy Cane Trial Pack,1.6906742,NULL,NULL,4.99,2.951485160871539
Jack Daniel's 150th Super Premium,33.813484,NULL,NULL,99.99,2.9571042515559
Seagram's 7 Crown Whiskey (traveler),25.360113,NULL,NULL,15.99,0.6305176826449272
Southern Comfort Whiskey,6.7626967,25.0,NULL,5.49,0.8118062926289713
Wild Turkey American Honey,25.360113,NULL,NULL,24.99,0.9854056892135178
Highland Park 12 Year Scotch,25.360113,84.39490445859873,NULL,52.99,2.0895017848597055
Lagavulin 12 Year Scotch,25.360113,90.57627118644068,NULL,128.99,5.086333990748949
Knob Creek 2001 Bourbon,25.360113,NULL,NULL,126.29,4.979867408272997
Canadian Limited,12.680057,NULL,NULL,4.99,0.3935313492332997
Lagavulin Single Malt,25.360113,NULL,NULL,105.99,4.179397673120261
Knob Creek Single Barrel Reserve,25.360113,84.5,8.800000190734863,47.99,1.8923417812104886
Canadian Limited Whisky,33.813484,NULL,NULL,9.99,0.2954442586994001
Eagle Rare 10 Year Bourbon,12.680057,83.9,8.550000190734863,18.99,1.4976273696689149
Oban Distillers Edition,25.360113,NULL,8.699999809265137,97.99,3.8639416672815132
White Horse Scotch,59.1736,60.0,NULL,35.99,0.6082104543036477
Catoctin Creek Roundstone Rye Whiskey 92 Proof,25.360113,NULL,NULL,52.79,2.0816153546295078
Crown Royal Noble Collection,25.360113,NULL,NULL,59.99,2.3655257899686095
Ancient Age Bourbon,25.360113,76.33333333333333,NULL,12.99,0.512221680455397
Cleveland Black Reserve,25.360113,NULL,NULL,34.99,1.3797257717225244
Wild Turkey 81,25.360113,76.15384615384616,8.130000114440918,23.99,0.9459736884836744
Glenlivet French Oak Reserve 15 Yr Old,25.360113,NULL,NULL,69.99,2.759845646845898
Knob Creek Bourbon,59.1736,81.5,NULL,70.99,1.1996903817198603
Ardbeg Dark Cove Committee Release,25.360113,88.4,NULL,109.99,4.3371256760396335
Glenfiddich Single Malt Scotch,59.1736,NULL,NULL,99.99,1.6897738035652905
Woodford Reserve Master Collection 1838 White Corn,25.360113,NULL,NULL,99.99,3.9428056687412
Cluny Scotch,59.1736,NULL,NULL,22.79,0.38513798732903887
Johnnie Walker Blue Scotch,59.1736,79.5,8.529999732971191,324.99,5.492145051019842
Woodford Reserve Bourbon (plastic),1.6906742,NULL,NULL,3.49,2.0642652729583273
Black Velvet,12.680057,45.0,NULL,5.59,0.4408497801933408
Four Roses Bourbon,25.360113,NULL,8.710000038146973,21.99,0.8671096870239876
Ironclad Bourbon Whiskey,12.680057,NULL,NULL,38.69,3.0512481081720573
Maker's Mark Bourbon,33.813484,79.97368421052632,8.229999542236328,40.99,1.2122383320761887
Old Grand Dad 100,25.360113,NULL,NULL,22.99,0.9065416877538309
1792 Single Barrel Bourbon,25.360113,NULL,8.600000381469727,42.99,1.6951817775612716
Reservoir Bourbon Whiskey,12.680057,NULL,NULL,42.19,3.3272721132809613
Stagg Jr.,25.360113,87.14285714285714,NULL,52.99,2.0895017848597055
Seagram's 7 Crown Whiskey Limited Edition,25.360113,NULL,NULL,16.49,0.6502336830098489
Chicken Cock Cherry Bounce Whiskey,25.360113,NULL,NULL,18.99,0.7488136848344574
Canadian Limited,25.360113,NULL,NULL,8.9,0.3509447914534917
Rich & Rare Whisky,25.360113,NULL,7.679999828338623,8.99,0.3544936775360234
Balvenie Doublewood 12 Year Scotch,25.360113,81.58715596330275,8.430000305175781,67.99,2.680981645386211
Bowmore 15 Year Single Malt Scotch,25.360113,NULL,NULL,75.99,2.996437651224958
House Of Stuart Scotch,33.813484,36.0,NULL,10.99,0.3250182592467827
Black Velvet Toasted Caramel Whiskey,25.360113,NULL,NULL,12.99,0.512221680455397
Pennington's Vanilla Rye,25.360113,NULL,NULL,22.99,0.9065416877538309
Serpent's Bite Apple Cider Flavored Whisky,25.360113,NULL,NULL,15.99,0.6305176826449272
Bird Dog Bourbon,25.360113,NULL,NULL,18.99,0.7488136848344574
Smooth Ambler Old Scout Bourbon,25.360113,NULL,NULL,42.79,1.687295347331074
Fireball Cinnamon Whisky,33.813484,NULL,NULL,20.99,0.6207582647206081
Jim Beam Honey Bourbon,12.680057,10.0,NULL,9.99,0.7878513565317337
Canadian Hunter Whisky,33.813484,NULL,NULL,9.99,0.2954442586994001
Old Bushmills Tins,25.360113,NULL,NULL,22.99,0.9065416877538309
Jefferson's Reserve Bourbon,25.360113,81.2,NULL,52.99,2.0895017848597055
Maker's Mark American Pharaoh,33.813484,NULL,NULL,74.99,2.217754237871336
Wild Turkey 101,6.7626967,84.9090909090909,8.510000228881836,9.49,1.403286311917663
Windsor,59.1736,NULL,NULL,17.99,0.30402071195958946
Kilbeggan Irish Whiskey,25.360113,52.4,NULL,25.99,1.024837689943361
Henry Mckenna Bourbon,33.813484,NULL,NULL,14.99,0.44331426143631286
Jameson Irish Whiskey,1.6906742,70.28571428571429,7.820000171661377,3.49,2.0642652729583273
Chivas Regal 12 Year Scotch,33.813484,69.52083333333333,7.760000228881836,49.99,1.4784043370026316
Johnnie Walker Black Scotch,1.6906742,77.36904761904762,8.270000457763672,3.49,2.0642652729583273
Usher's Green Stripe,59.1736,NULL,NULL,29.9,0.5052929009043576
Jim Beam Devil's Cut Bourbon,1.6906742,75.3,8.050000190734863,1.49,0.8813052343809438
Wood Experiment Box Set 1,33.813484,NULL,NULL,99.99,2.9571042515559
Early Times Whiskey,6.7626967,46.333333333333336,NULL,3.99,0.5900013206506683
Bastille Hand Crafted 1789 Whiskey,25.360113,NULL,NULL,39.99,1.5768857753717413
Buchanan's Deluxe 18 Year Scotch,25.360113,NULL,NULL,74.99,2.9570056504951148
Cragganmore 25 Year Scotch,25.360113,NULL,9.039999961853027,569.99,22.475845710925306
Barterhouse Whiskey,25.360113,NULL,NULL,75.99,2.996437651224958
Benchmark No. 8 Bourbon,59.1736,NULL,NULL,21.99,0.3716184253175799
Maker's Mark Bourbon,1.6906742,79.97368421052632,8.229999542236328,3.99,2.3600052826026734
Bird Dog Chocolate Whiskey,1.6906742,NULL,NULL,1.19,0.7038612567983014
Chivas Regal,6.7626967,NULL,NULL,12.9,1.9075230057981007
Isle Of Jura Scotch,25.360113,NULL,NULL,59.99,2.3655257899686095
Evan Williams Black Bourbon,6.7626967,79.0,8.180000305175781,4.99,0.7378712902178848
Yellowstone Select,25.360113,72.0,NULL,49.99,1.9712057826701754
Wild Turkey American Honey Sting,1.6906742,NULL,NULL,1.99,1.1770452440252896
Black Velvet Portable,59.1736,NULL,NULL,19.99,0.3378195686385847
Crown Royal Special Reserve,12.680057,69.0,NULL,27.99,2.207403382806096
Kinahan's 10 Yr Single Malt Irish Whiskey,25.360113,NULL,NULL,68.99,2.7204136461160546
Mcclelland's Highland Scotch,59.1736,63.0,NULL,45.99,0.7772047376986236
Bird Dog Peach Whiskey,25.360113,NULL,NULL,18.99,0.7488136848344574
Canadian Mist Whisky,12.680057,74.33333333333333,7.619999885559082,5.99,0.47239535069298644
Ancient Ancient Age Bourbon,33.813484,NULL,NULL,16.99,0.502462262531078
Crown Royal Black Whiskey,1.6906742,76.4,8.199999809265137,2.99,1.7685252633139814
Jameson Black Barrel Irish Whiskey,25.360113,NULL,NULL,34.99,1.3797257717225244
Clan Macgregor Scotch,33.813484,39.75,NULL,12.99,0.38416626034154777
Johnnie Walker Blue 'year Of The Rooster',25.360113,NULL,NULL,259.99,10.251925484673853
Templeton Rye Whiskey,25.360113,78.2,8.010000228881836,42.99,1.6951817775612716
Ballantine's Scotch,25.360113,NULL,NULL,19.99,0.7882456855643007
1792 Small Batch Bourbon,25.360113,78.2,NULL,33.99,1.340293770992681
Johnnie Walker Blue Alfred Dunhill Limited Edition,25.360113,NULL,NULL,244.99,9.660446075410784
Evan Williams 1783 Bourbon,59.1736,80.0,NULL,31.99,0.5406127087125557
Henry Mckenna Bourbon,59.1736,NULL,NULL,24.99,0.42231671033607265
Jim Beam Black Bourbon,25.360113,76.5,8.210000038146973,24.99,0.9854056892135178
Knob Creek Bourbon,25.360113,81.5,NULL,36.99,1.4585897731822113
Seagram's VO,25.360113,NULL,7.789999961853027,16.99,0.6699496833747706
Woodford Reserve Bourbon,59.1736,NULL,8.399999618530273,69.99,1.1827909533803627
Evan Williams Honey Whiskey,59.1736,NULL,NULL,24.99,0.42231671033607265
Crown Royal XR,25.360113,NULL,NULL,132.99,5.244061993668323
Balvenie 15 Year Sherry Cask Scotch,25.360113,NULL,NULL,124.99,4.928605686987285
Everclear Lightnin' Corn Whiskey,25.360113,NULL,NULL,19.9,0.7846967994817691
Red Stag Spiced with Cinnamon,25.360113,38.0,NULL,16.99,0.6699496833747706
Sazerac Rye 6 Yr,25.360113,NULL,NULL,29.99,1.1825656928627348
Islay Mist 8 Yr,25.360113,83.0,7.909999847412109,25.9,1.0212888038608294
Wild Turkey 101,59.1736,84.9090909090909,8.510000228881836,51.99,0.8786013077356092
Jack Daniel's Single Barrel Holiday Select 2014,25.360113,NULL,NULL,49.99,1.9712057826701754
Senator's Club Whiskey,12.680057,NULL,NULL,4.59,0.361985778733654
Irishman Single Malt Whiskey,25.360113,76.0,7.889999866485596,49.99,1.9712057826701754
Beam's Eight Star Whiskey,59.1736,NULL,NULL,15.99,0.2702218552805943
Lord Calvert Canadian Ducks Unlimited Decanter,25.360113,NULL,NULL,99.99,3.9428056687412
Virgil Kaine Robber Baron Rye Whiskey,25.360113,NULL,NULL,37.99,1.4980217739120547
Tyrconnell,25.360113,74.28571428571429,8.140000343322754,34.9,1.3761768856399927
Ardbog Scotch,25.360113,NULL,NULL,96.99,3.82450966655167
Bowman's Scotch,59.1736,NULL,NULL,19.99,0.3378195686385847
Dewar's White Label Scotch,1.6906742,59.2962962962963,7.489999771118164,2.29,1.354489221607932
Aristocrat Whiskey,59.1736,NULL,NULL,13.99,0.23642299860159913
Cinerator Hot Cinnamon Whiskey,25.360113,NULL,NULL,15.99,0.6305176826449272
Seagram's Orchard Apple,25.360113,NULL,NULL,15.99,0.6305176826449272
Macallan 12 Year Single Malt Scotch,59.1736,83.83333333333333,NULL,144.99,2.4502482077750884
Rebel Yell,59.1736,70.0,7.449999809265137,26.99,0.45611556701506784
Jack Daniel's No. 7 Black Tennessee Whiskey,1.6906742,NULL,NULL,2.29,1.354489221607932
Fireball Cinnamon Whisky,1.6906742,NULL,NULL,0.99,0.5855652247365979
Jim Beam Maple Bourbon,1.6906742,NULL,NULL,1.69,0.9996012664426472
Old Forester Mint Julep,33.813484,NULL,NULL,21.99,0.6503322652679907
Wild Turkey American Honey Sting,25.360113,NULL,NULL,24.99,0.9854056892135178
Crown Royal Whiskey,12.680057,66.42857142857143,7.539999961853027,17.99,1.418763368209228
Cragganmore Distiller's Edition,25.360113,NULL,NULL,77.99,3.075301652684645
Glenlivet 12 Year Single Malt Scotch,12.680057,76.70192307692308,8.050000190734863,25.99,2.049675379886722
Old Smuggler,59.1736,61.0,NULL,21.99,0.3716184253175799
I W Harper Bourbon,25.360113,72.5,NULL,34.99,1.3797257717225244
Jefferson's Reserve Groth Cask Finish,25.360113,78.0,NULL,79.99,3.154165654144332
Jim Beam 7 Year Bourbon,59.1736,NULL,NULL,46.99,0.7941041660381212
Old Crow,59.1736,71.4,NULL,19.99,0.3378195686385847
Crown Royal Regal Apple Whiskey,12.680057,NULL,NULL,17.99,1.418763368209228
Jack Daniel's Tennessee Fire,1.6906742,NULL,NULL,2.29,1.354489221607932
Rebel Yell Ginger,25.360113,NULL,NULL,15.99,0.6305176826449272
Black Velvet,33.813484,45.0,NULL,12.99,0.38416626034154777
Canadian Club Whisky,12.680057,74.5,NULL,7.99,0.63012335361236
Virginia Highland Malt Whisky,25.360113,84.66666666666667,NULL,57.49,2.266945788144001
Johnnie Walker Blue Label 2016: Year Of The Monkey,25.360113,NULL,NULL,259.99,10.251925484673853
Bird Dog Hot Cinnamon Flavored Whiskey,25.360113,NULL,NULL,18.99,0.7488136848344574
Dewar's Highlander Honey,25.360113,55.0,NULL,27.99,1.103701691403048
Evan Williams Honey Whiskey,12.680057,NULL,NULL,7.99,0.63012335361236
Grand MacNish,59.1736,NULL,NULL,21.99,0.3716184253175799
Revelations Single Malt Corn,25.360113,NULL,NULL,69.69,2.7480162271323194
Jack Daniel's 4 Year Single Barrel Rye Whiskey,25.360113,NULL,NULL,54.99,2.1683657863193924
Jim Beam Apple Bourbon,1.6906742,NULL,NULL,1.49,0.8813052343809438
Glenlivet Archive 21 Year Single Malt Scotch,25.360113,88.75,NULL,269.99,10.646245491972287
Ancient Age Bourbon,33.813484,76.33333333333333,NULL,14.99,0.44331426143631286
Old Grand Dad 114,25.360113,85.21153846153847,8.640000343322754,24.99,0.9854056892135178
Woodford Reserve Master Collection Straight,25.360113,NULL,NULL,99.99,3.9428056687412
Fireball Cinnamon Whisky,118.3472,NULL,NULL,59.99,0.506898367225795
Rich & Rare Whisky,12.680057,NULL,7.679999828338623,4.99,0.3935313492332997
Four Roses Single Barrel Bourbon,25.360113,88.0,NULL,44.99,1.7740457790209585
Fireball Cinnamon Whisky,25.360113,NULL,NULL,17.99,0.709381684104614
Southern Comfort Whiskey,59.1736,25.0,NULL,29.99,0.5068138520335606
1792 Port Finish Bourbon,25.360113,79.4,8.460000038146973,42.99,1.6951817775612716
Hudson Baby Bourbon,25.360113,57.333333333333336,NULL,59.99,2.3655257899686095
Hudson Baby Bourbon,12.680057,57.333333333333336,NULL,45.99,3.6269555595016034
Fireball Cinnamon Whisky,12.680057,NULL,NULL,8.99,0.7089873550720468
Tullamore Dew Phoenix,25.360113,80.0,NULL,59.99,2.3655257899686095
Cragganmore Single Malt Scotch,25.360113,NULL,NULL,64.99,2.562685643196681
Red Stag,1.6906742,52.0,NULL,1.49,0.8813052343809438
Revel Stoke Roasted Pecan,25.360113,NULL,NULL,16.99,0.6699496833747706
Talisker Single Malt,25.360113,NULL,NULL,76.99,3.0358696519548016
Jesse James Bourbon Whiskey,25.360113,93.0,NULL,19.09,0.7527568999495563
Bulleit Rye,59.1736,84.60526315789474,8.279999732971191,60.99,1.0306961627910876
Senator's Club Whiskey,6.7626967,NULL,NULL,2.99,0.44213131582849535
Aberlour 12 Year Single Malt Scotch,25.360113,NULL,NULL,59.99,2.3655257899686095
Cutty Sark Scotch,25.360113,62.375,7.5,19.99,0.7882456855643007
Hirsch Small Batch Reserve Bourbon,25.360113,74.0,NULL,39.99,1.5768857753717413
Old Medley 12 Yr,25.360113,82.5,NULL,64.99,2.562685643196681
Redemption Rye,25.360113,NULL,7.829999923706055,29.99,1.1825656928627348
Cold Spell Mint Whiskey,25.360113,NULL,NULL,14.99,0.5910856819150838
Evan Williams Peach Bourbon,25.360113,NULL,NULL,14.49,0.5713696815501621
Cutty Sark Prohibition,25.360113,NULL,8.520000457763672,29.99,1.1825656928627348
Glenmorangie The Original 10 Yr,33.813484,74.0,NULL,52.99,1.5671263386447791
Grant's Scotch,59.1736,NULL,NULL,34.99,0.5913110259641501
Old Pulteney,25.360113,NULL,NULL,45.99,1.8134777797508017
Maker's Mark 46 Bourbon,12.680057,84.25,8.779999732971191,22.99,1.8130833755076619
War Horn Whisky (distillery Only),12.680057,NULL,NULL,24.99,1.9708113784270356
Old Camp Peach Pecan Whiskey,25.360113,NULL,NULL,19.99,0.7882456855643007
Seagram's 7 Crown Dark Honey,25.360113,NULL,NULL,15.99,0.6305176826449272
Southern Comfort Whiskey 100 Proof,12.680057,NULL,NULL,12.49,0.9850113601809506
Jameson Caskmates Irish Whiskey,25.360113,NULL,8.260000228881836,31.99,1.2614296943224215
Lagavulin Distillers Edition,25.360113,NULL,NULL,124.99,4.928605686987285
John J Bowman Virginia Straight Bourbon,25.360113,NULL,NULL,49.99,1.9712057826701754
Bulleit Rye Whiskey,25.360113,84.60526315789474,8.279999732971191,33.99,1.340293770992681
Catoctin Creek Roundstone Rye Whisky,25.360113,92.0,NULL,45.09,1.7779889189254845
Kentucky Gentleman Whiskey (bourbon & Blend),12.680057,NULL,NULL,5.99,0.47239535069298644
Michter's US1 Sour Mash,25.360113,83.0,8.359999656677246,41.99,1.6557497768314282
Old Bushmills,59.1736,NULL,NULL,51.99,0.8786013077356092
Ardbeg 21-year Scotch,25.360113,NULL,9.119999885559082,499.99,19.715605659836267
Dewar's Special Reserve 12 Year Scotch,59.1736,67.0,NULL,69.99,1.1827909533803627
Monkey Shoulder Scotch,25.360113,77.27027027027027,8.319999694824219,34.99,1.3797257717225244
The Glenrothes Bourbon Cask Reserve,25.360113,84.0,8.15999984741211,59.99,2.3655257899686095
Henry Mckenna Bourbon,12.680057,NULL,NULL,6.69,0.527600174277939
Jack Daniel's Honey Tennessee Whiskey,59.1736,70.5,NULL,52.99,0.8955007360751067
The Macallan "m",25.360113,NULL,NULL,NULL,NULL
Filibuster Bourbon,25.360113,85.0,NULL,46.29,1.8253073498855257
Jack Daniel's Single Barrel Tennessee Whiskey,33.813484,78.05882352941177,8.460000038146973,58.99,1.7445703419290746
Red Stag,59.1736,52.0,NULL,32.99,0.5575121692851549
Canadian Hunter Whisky,59.1736,NULL,NULL,18.99,0.3209201402990871
Jefferson's Ocean Aged At Sea Cask Strength,25.360113,NULL,NULL,99.99,3.9428056687412
Pappy Van Winkle Family Reserve 15yr,25.360113,92.04761904761905,9.239999771118164,99.99,3.9428056687412
Revel Stoke Roasted Pineapple,25.360113,NULL,NULL,16.99,0.6699496833747706
Canadian Mist Whisky,33.813484,74.33333333333333,7.619999885559082,14.99,0.44331426143631286
Seagram's VO Gold,25.360113,78.0,NULL,19.99,0.7882456855643007
Power's,25.360113,NULL,NULL,29.99,1.1825656928627348
Cutty Sark Scotch,59.1736,62.375,7.5,35.99,0.6082104543036477
Dewar's White Label Scotch,33.813484,59.2962962962963,7.489999771118164,35.49,1.0495813290655847
Very Old Barton 86 Proof,59.1736,NULL,NULL,23.99,0.40541728199657506
Whistle Pig Straight Rye Whiskey,25.360113,NULL,NULL,79.99,3.154165654144332
Bunnahabhain Toiteach,25.360113,84.66666666666667,8.59000015258789,79.99,3.154165654144332
Macallan Edition No. 2,25.360113,88.42857142857143,8.899999618530273,99.99,3.9428056687412
The Gifted Horse,25.360113,NULL,NULL,49.99,1.9712057826701754
Ardbeg 10 Year Islay Single Malt Scotch,25.360113,NULL,NULL,53.99,2.128933785589549
Jim Beam Bourbon (plastic),12.680057,NULL,NULL,9.99,0.7878513565317337
Woodford Reserve,25.360113,NULL,8.399999618530273,36.99,1.4585897731822113
Kessler Whiskey,59.1736,NULL,NULL,16.99,0.28712128362009187
Glenlivet 18 Year Single Malt Scotch,25.360113,83.68627450980392,8.609999656677246,119.99,4.731445683338068
Macallan Rare Cask,25.360113,73.54545454545455,NULL,299.99,11.829205513867588
Evan Williams Green Bourbon,59.1736,79.0,NULL,22.99,0.38851785365707747
Gentleman Jack Whiskey,33.813484,63.27272727272727,7.909999847412109,39.99,1.1826643315288061
Chivas Regal 18 Year Scotch,25.360113,76.0,8.199999809265137,79.99,3.154165654144332
Old Potrero 18th Century Single Malt Staight Rye,25.360113,NULL,NULL,72.89,2.874198509130902
Red Stag Whiskey (plastic),12.680057,NULL,NULL,9.99,0.7878513565317337
Bowman Brothers Virginia Straight Bourbon,25.360113,NULL,NULL,29.99,1.1825656928627348
Elijah Craig Small Batch Bourbon,25.360113,83.0,NULL,49.99,1.9712057826701754
Van Winkle Special Reserve Bourbon 12 Yr,25.360113,NULL,NULL,69.99,2.759845646845898
Whistlepig 12 Year Old World Straight Rye Whiskey,25.360113,NULL,NULL,129.99,5.125765991478793
Serpent's Bite Apple Cider Flavored Whisky,1.6906742,NULL,NULL,1.69,0.9996012664426472
Johnnie Walker Double Black,25.360113,78.35,8.420000076293945,49.99,1.9712057826701754
George Dickel No. 12 Tennessee Whiskey,59.1736,80.85714285714286,8.270000457763672,45.99,0.7772047376986236
Lagavulin 25 YR,25.360113,NULL,NULL,NULL,NULL
The Famous Grouse,59.1736,71.88888888888889,7.619999885559082,47.99,0.8110035943776188
Chivas Regal W/ 2 50ml's Extra & 18yr,25.360113,NULL,NULL,36.99,1.4585897731822113
J.W. Dant's Scotch,59.1736,NULL,NULL,21.49,0.36316871114783106
Talisker 18 Year Scotch,25.360113,88.48148148148148,9.180000305175781,149.99,5.9144060060756605
The Macallan 12yr Scotch,1.6906742,83.83333333333333,NULL,9.99,5.908885257314998
Old Crow,33.813484,71.4,NULL,10.99,0.3250182592467827
Cabin Fever Maple Flavored Whiskey,25.360113,NULL,NULL,19.95,0.7866684446446048
Crown Royal Whiskey,25.360113,66.42857142857143,7.539999961853027,28.99,1.1431336921328914
Balvenie Portwood 21 Year Scotch,25.360113,88.34210526315789,8.779999732971191,229.99,9.068966064463133
Johnnie Walker Black Scotch,25.360113,77.36904761904762,8.270000457763672,41.99,1.6557497768314282
Old 1889 Brand,59.1736,NULL,NULL,18.99,0.3209201402990871
Wild Turkey 101,33.813484,84.9090909090909,8.510000228881836,33.49,0.9904333279708195
Woodford Reserve Derby,33.813484,NULL,NULL,44.99,1.3305343342657188
Crown Royal Northern Harvest Rye Whiskey,25.360113,78.52941176470588,8.569999694824219,31.99,1.2614296943224215
Crown Royal Regal Apple Whiskey,25.360113,NULL,NULL,28.99,1.1431336921328914
Southern Comfort Whiskey 100 Proof,25.360113,NULL,NULL,19.99,0.7882456855643007
Johnnie Walker Gold Reserve Scotch,25.360113,NULL,8.279999732971191,89.99,3.548485661442766
